sample-id	barcode-sequence	barcode-id	qPCR-id	Treatment1	Sites	Land use_G	Land_use	site-name	Treatment	DANN_con	16S_Bac	16S_Arc	Fungi	B:A	B:F	B+A:F	Code
#q2:types	categorical	categorical	categorical	categorical	categorical	categorical	categorical	categorical	categorical	numeric	numeric	numeric	numeric	numeric	numeric	numeric	categorical
Bo.A.Fa.1	AACCCAGATGAT	B1H	1NL	FA	BO	Acker	Cropland	FA	BO.C.FA	81.91	26000000	1700000	370000	15	72	76	BO.C.FA.1
Bo.A.Fa.2	AACCCGTCGTCA	B2H	2NL	FA	BO	Acker	Cropland	FA	BO.C.FA	70.92	29000000	1700000	350000	17	82	87	BO.C.FA.2
Bo.A.Fa.3	AACCCTAACTGG	B3H	3NL	FA	BO	Acker	Cropland	FA	BO.C.FA	42.95	27000000	1800000	520000	15	52	56	BO.C.FA.3
Bo.W.Fa.1	AACGAGGCAACG	B4H	4NL	FA	BO	Wald	Forest	FA	BO.F.FA	22.61	12000000	190000	590000	60	20	20	BO.F.FA.1
Bo.W.Fa.2	AACGGCTGGAAG	B5H	5NL	FA	BO	Wald	Forest	FA	BO.F.FA	22.45	14000000	160000	570000	90	25	25	BO.F.FA.2
Bo.W.Fa.3	AACTCAATAGCG	B6H	6NL	FA	BO	Wald	Forest	FA	BO.F.FA	21.77	15000000	190000	700000	79	21	22	BO.F.FA.3
Ha.A.Fa.1	AACTTCACTTCC	B7H	7NL	FA	HA	Acker	Cropland	FA	HA.C.FA	74.27	39000000	3900000	350000	10	110	120	HA.C.FA.1
Ha.A.Fa.2	AACTTGGCCGTA	B8H	8NL	FA	HA	Acker	Cropland	FA	HA.C.FA	77.42	38000000	4100000	300000	9	130	140	HA.C.FA.2
Ha.A.Fa.3	AACTTTCAGGAG	B9H	9NL	FA	HA	Acker	Cropland	FA	HA.C.FA	75.87	46000000	4200000	390000	11	120	130	HA.C.FA.3
Ha.W.Fa.1	AAGACGTAGCGG	B10H	10NL	FA	HA	Wald	Forest	FA	HA.F.FA	129.4	68000000	1400000	610000	49	110	110	HA.F.FA.1
Ha.W.Fa.2	AAGGAGTGCGCA	B11H	11NL	FA	HA	Wald	Forest	FA	HA.F.FA	142.15	66000000	1100000	1200000	59	55	56	HA.F.FA.2
Ha.W.Fa.3	AAGGCGCTCCTT	B12H	12NL	FA	HA	Wald	Forest	FA	HA.F.FA	133.24	110000000	1100000	850000	94	130	130	HA.F.FA.3
HM.A.Fa.1	AAGGGCGCTGAA	B13H	13NL	FA	HM	Acker	Cropland	FA	HM.C.FA	99.72	52000000	4300000	470000	12	110	120	HM.C.FA.1
HM.A.Fa.2	AAGGGTTAGTCT	B14H	14NL	FA	HM	Acker	Cropland	FA	HM.C.FA	99.11	64000000	4400000	550000	14	120	120	HM.C.FA.2
HM.A.Fa.3	AAGTCGACACAT	B15H	15NL	FA	HM	Acker	Cropland	FA	HM.C.FA	102.44	57000000	4300000	490000	13	120	120	HM.C.FA.3
HM.W.Fa.1	AATAGTCGTGAC	B16H	16NL	FA	HM	Wald	Forest	FA	HM.F.FA	47.09	21000000	750000	710000	29	30	31	HM.F.FA.1
HM.W.Fa.2	AATATCGGGATC	B17H	17NL	FA	HM	Wald	Forest	FA	HM.F.FA	59.86	29000000	790000	810000	37	36	37	HM.F.FA.2
HM.W.Fa.3	AATGGACCGTTC	B18H	18NL	FA	HM	Wald	Forest	FA	HM.F.FA	53	25000000	760000	580000	33	43	45	HM.F.FA.3
Me.A.Fa.1	AATGGTTCAGCA	B19H	19NL	FA	ME	Acker	Cropland	FA	ME.C.FA	55.29	33000000	1900000	400000	17	83	88	ME.C.FA.1
Me.A.Fa.2	AATTCACCTCCT	B20H	20NL	FA	ME	Acker	Cropland	FA	ME.C.FA	52.03	38000000	1800000	390000	21	98	100	ME.C.FA.2
Me.A.Fa.3	AATTCCGAACGC	B21H	21NL	FA	ME	Acker	Cropland	FA	ME.C.FA	56.8	40000000	2200000	410000	19	98	100	ME.C.FA.3
Me.W.Fa.1	ACAAACATGGTC	B22H	22NL	FA	ME	Wald	Forest	FA	ME.F.FA	30.58	24000000	200000	830000	120	30	30	ME.F.FA.1
Me.W.Fa.2	ACAAGGCAAGGC	B23H	23NL	FA	ME	Wald	Forest	FA	ME.F.FA	36.41	19000000	190000	830000	100	24	24	ME.F.FA.2
Me.W.Fa.3	ACAAGTGCTGCT	B24H	24NL	FA	ME	Wald	Forest	FA	ME.F.FA	31.43	19000000	200000	770000	97	25	25	ME.F.FA.3
TI.A.Fa.1	ACAATAGACACC	B25H	25NL	FA	TI	Acker	Cropland	FA	TI.C.FA	12.2	13000000	180000	360000	74	37	37	TI.C.FA.1
TI.A.Fa.2	ACACGCGGTTTA	B26H	26NL	FA	TI	Acker	Cropland	FA	TI.C.FA	15.58	14000000	160000	350000	91	40	40	TI.C.FA.2
TI.A.Fa.3	ACACGTTTGGGT	B27H	27NL	FA	TI	Acker	Cropland	FA	TI.C.FA	13.1	11000000	290000	280000	39	41	42	TI.C.FA.3
TI.W.Fa.1	ACAGCATAGCTC	B28H	28NL	FA	TI	Wald	Forest	FA	TI.F.FA	29.18	17000000	320000	1400000	54	12	13	TI.F.FA.1
TI.W.Fa.2	ACAGCCACCCAT	B29H	29NL	FA	TI	Wald	Forest	FA	TI.F.FA	29.25	23000000	280000	810000	80	28	28	TI.F.FA.2
TI.W.Fa.3	ACAGCTCAAACA	B30H	30NL	FA	TI	Wald	Forest	FA	TI.F.FA	33.22	22000000	1800000	570000	12	38	41	TI.F.FA.3
Bo.A.Fp.1	ACATCGTTGACG	B31H	31NL	FP	BO	Acker	Cropland	FP	BO.C.FP	51.46	30000000	140000	340000	210	88	88	BO.C.FP.1
Bo.W.Fp.1	ACATTGAAGCGT	B32H	32NL	FP	BO	Wald	Forest	FP	BO.F.FP	26.67	15000000	1500000	630000	10	23	26	BO.F.FP.1
Bo.A.Ad.1	ACCAGAAATGTC	B33H	33NL	AD	BO	Acker	Cropland	AD	BO.C.AD	45.54	32000000	76000	320000	420	98	98	BO.C.AD.1
Bo.W.Ad.1	ACCAGCTCAGAT	B34H	34NL	AD	BO	Wald	Forest	AD	BO.F.AD	23.99	12000000	50000	1000000	240	12	12	BO.F.AD.1
Bo.A.Od.1	ACCATGTAGAAC	B35H	35NL	OD	BO	Acker	Cropland	OD	BO.C.OD	54.91	29000000	2000000	290000	15	100	110	BO.C.OD.1
Bo.W.Od.1	ACCGGAGTAGGA	B36H	36NL	OD	BO	Wald	Forest	OD	BO.F.OD	21.86	14000000	50000	1200000	290	11	12	BO.F.OD.1
Bo.A.Gf.1	ACCTGTCCTTTC	B37H	37NL	GF	BO	Acker	Cropland	GF	BO.C.GF	53.25	32000000	2100000	360000	15	89	95	BO.C.GF.1
Bo.W.Gf.1	ACGAAAGAGCAG	B38H	38NL	GF	BO	Wald	Forest	GF	BO.F.GF	21.4	13000000	130000	490000	100	26	26	BO.F.GF.1
Bo.A.Df.1	ACGAAGTCTACC	B39H	39NL	DF	BO	Acker	Cropland	DF	BO.C.DF	54.03	34000000	2000000	240000	17	140	150	BO.C.DF.1
Bo.W.Df.1	ACGAGACTGATT	B40H	40NL	DF	BO	Wald	Forest	DF	BO.F.DF	24.13	13000000	110000	530000	110	24	24	BO.F.DF.1
Bo.A.Fp.2	ACGATATGGTCA	B41H	41NL	FP	BO	Acker	Cropland	FP	BO.C.FP	73.82	34000000	2100000	380000	16	90	96	BO.C.FP.2
Bo.W.Fp.2	ACGATCATCTGG	B42H	42NL	FP	BO	Wald	Forest	FP	BO.F.FP	36.22	16000000	140000	600000	110	26	26	BO.F.FP.2
Bo.A.Ad.2	ACGATTCGAGTC	B43H	43NL	AD	BO	Acker	Cropland	AD	BO.C.AD	76.55	31000000	1900000	440000	16	70	75	BO.C.AD.2
Bo.W.Ad.2	ACGCACATACAA	B44H	44NL	AD	BO	Wald	Forest	AD	BO.F.AD	23.65	12000000	84000	1100000	140	11	11	BO.F.AD.2
Bo.A.Od.2	ACGCATCGCACT	B45H	45NL	OD	BO	Acker	Cropland	OD	BO.C.OD	67.22	37000000	1900000	310000	19	120	130	BO.C.OD.2
Bo.W.Od.2	ACGCCTTTCTTA	B46H	46NL	OD	BO	Wald	Forest	OD	BO.F.OD	24.25	11000000	55000	1500000	210	8	8	BO.F.OD.2
Bo.A.Gf.2	ACGCTAGATTGA	B47H	47NL	GF	BO	Acker	Cropland	GF	BO.C.GF	47.22	36000000	2300000	400000	15	89	94	BO.C.GF.2
Bo.W.Gf.2	ACGGGATACAGG	B48H	48NL	GF	BO	Wald	Forest	GF	BO.F.GF	24.87	15000000	110000	580000	140	26	26	BO.F.GF.2
Bo.A.Df.2	ACGGGTCATCAT	B49H	49NL	DF	BO	Acker	Cropland	DF	BO.C.DF	50.81	33000000	2000000	250000	17	140	140	BO.C.DF.2
Bo.W.Df.2	ACGGTTTCTGGA	B50H	50NL	DF	BO	Wald	Forest	DF	BO.F.DF	27.18	15000000	140000	630000	100	23	23	BO.F.DF.2
Bo.A.Fp.3	ACGTCCACTGTG	B51H	51NL	FP	BO	Acker	Cropland	FP	BO.C.FP	55	41000000	2000000	430000	21	96	100	BO.C.FP.3
Bo.W.Fp.3	ACGTGAGGAACG	B52H	52NL	FP	BO	Wald	Forest	FP	BO.F.FP	27.46	21000000	180000	860000	120	25	25	BO.F.FP.3
Bo.A.Ad.3	ACGTGCCTTAGA	B53H	53NL	AD	BO	Acker	Cropland	AD	BO.C.AD	50.59	41000000	2100000	510000	20	81	85	BO.C.AD.3
Bo.W.Ad.3	ACGTTTGTGGCA	B54H	54NL	AD	BO	Wald	Forest	AD	BO.F.AD	20.99	12000000	93000	1100000	130	11	11	BO.F.AD.3
Bo.A.Od.3	ACTACTGAGGAT	B55H	55NL	OD	BO	Acker	Cropland	OD	BO.C.OD	43.95	31000000	1600000	300000	19	100	110	BO.C.OD.3
Bo.W.Od.3	ACTATGGGCTAA	B56H	56NL	OD	BO	Wald	Forest	OD	BO.F.OD	18.4	9500000	44000	1500000	220	6	6	BO.F.OD.3
Bo.A.Gf.3	ACTCATCTTCCA	B57H	57NL	GF	BO	Acker	Cropland	GF	BO.C.GF	56.17	46000000	2000000	430000	23	110	110	BO.C.GF.3
Bo.W.Gf.3	ACTGACTTAAGG	B58H	58NL	GF	BO	Wald	Forest	GF	BO.F.GF	29.76	16000000	120000	740000	130	21	21	BO.F.GF.3
Bo.A.Df.3	ACTGAGCTGCAT	B59H	59NL	DF	BO	Acker	Cropland	DF	BO.C.DF	50.75	38000000	2600000	440000	15	87	93	BO.C.DF.3
Bo.W.Df.3	ACTGCCCGATAC	B60H	60NL	DF	BO	Wald	Forest	DF	BO.F.DF	26.03	12000000	120000	660000	100	18	19	BO.F.DF.3
Ha.A.Fp.1	ACTGGATCTCGC	B61H	61NL	FP	HA	Acker	Cropland	FP	HA.C.FP	98.21	53000000	3500000	290000	15	180	200	HA.C.FP.1
Ha.W.Fp.1	ACTGGCAAACCT	B62H	62NL	FP	HA	Wald	Forest	FP	HA.F.FP	136.85	65000000	1200000	870000	55	75	76	HA.F.FP.1
Ha.A.Ad.1	ACTGTACATGAG	B63H	63NL	AD	HA	Acker	Cropland	AD	HA.C.AD	110.9	58000000	4400000	340000	13	170	180	HA.C.AD.1
Ha.W.Ad.1	ACTTTAAGGGTG	B64H	64NL	AD	HA	Wald	Forest	AD	HA.F.AD	105.5	75000000	960000	620000	78	120	120	HA.F.AD.1
Ha.A.Od.1	ACTTTGCTTTGC	B65H	65NL	OD	HA	Acker	Cropland	OD	HA.C.OD	63.11	55000000	3900000	210000	14	260	280	HA.C.OD.1
Ha.W.Od.1	AGAAACAGCTCT	B66H	66NL	OD	HA	Wald	Forest	OD	HA.F.OD	103.95	57000000	850000	570000	67	100	100	HA.F.OD.1
Ha.A.Gf.1	AGAAAGGGTGTG	B67H	67NL	GF	HA	Acker	Cropland	GF	HA.C.GF	95.16	50000000	3500000	220000	14	230	240	HA.C.GF.1
Ha.W.Gf.1	AGAATAGCGCTT	B68H	68NL	GF	HA	Wald	Forest	GF	HA.F.GF	137.54	68000000	1200000	710000	58	95	97	HA.F.GF.1
Ha.A.Df.1	AGACACCAATGT	B69H	69NL	DF	HA	Acker	Cropland	DF	HA.C.DF	101.42	53000000	3900000	220000	14	240	260	HA.C.DF.1
Ha.W.Df.1	AGACAGTAGGAG	B70H	70NL	DF	HA	Wald	Forest	DF	HA.F.DF	201.98	91000000	1400000	720000	64	130	130	HA.F.DF.1
Ha.A.Fp.2	AGACATACCGTA	B71H	71NL	FP	HA	Acker	Cropland	FP	HA.C.FP	83.14	110000000	4000000	360000	29	320	330	HA.C.FP.2
Ha.W.Fp.2	AGACGTTGCTAC	B72H	72NL	FP	HA	Wald	Forest	FP	HA.F.FP	155.47	87000000	1290000	870000	68	100	100	HA.F.FP.2
Ha.A.Ad.2	AGAGGGTGATCG	B73H	73NL	AD	HA	Acker	Cropland	AD	HA.C.AD	76.49	42000000	3400000	340000	12	120	130	HA.C.AD.2
Ha.W.Ad.2	AGAGTAAGCCGG	B74H	74NL	AD	HA	Wald	Forest	AD	HA.F.AD	94.48	55000000	910000	630000	61	88	89	HA.F.AD.2
Ha.A.Od.2	AGAGTGCTAATC	B75H	75NL	OD	HA	Acker	Cropland	OD	HA.C.OD	81.68	41000000	4000000	250000	10	160	180	HA.C.OD.2
Ha.W.Od.2	AGATGATCAGTC	B76H	76NL	OD	HA	Wald	Forest	OD	HA.F.OD	97.34	76000000	1100000	920000	72	83	84	HA.F.OD.2
Ha.A.Gf.2	AGATGGGACTGG	B77H	77NL	GF	HA	Acker	Cropland	GF	HA.C.GF	82.79	50000000	3800000	350000	13	140	150	HA.C.GF.2
Ha.A.Df.2	AGCACCGGTCTT	B79H	79NL	DF	HA	Acker	Cropland	DF	HA.C.DF	105.08	40000000	3800000	220000	11	180	200	HA.C.DF.2
Ha.W.Df.2	AGCCCTGCTACA	B80H	80NL	DF	HA	Wald	Forest	DF	HA.F.DF	170.48	92000000	1300000	1500000	69	63	64	HA.F.DF.2
Ha.A.Fp.3	AGCGCATATCCA	B81H	81NL	FP	HA	Acker	Cropland	FP	HA.C.FP	98.78	55000000	4800000	500000	11	110	120	HA.C.FP.3
Ha.W.Fp.3	AGCTCTAGAAAC	B82H	82NL	FP	HA	Wald	Forest	FP	HA.F.FP	138.37	71000000	1100000	1200000	62	60	61	HA.F.FP.3
Ha.A.Ad.3	AGCTTCGACAGT	B83H	83NL	AD	HA	Acker	Cropland	AD	HA.C.AD	80.4	55000000	4400000	390000	13	140	150	HA.C.AD.3
Ha.W.Ad.3	AGCTTGAATCAG	B84H	84NL	AD	HA	Wald	Forest	AD	HA.F.AD	133.98	70000000	1100000	470000	63	150	150	HA.F.AD.3
Ha.A.Od.3	AGGCACAGTAGG	B85H	85NL	OD	HA	Acker	Cropland	OD	HA.C.OD	66.72	45000000	4000000	210000	11	220	240	HA.C.OD.3
Ha.W.Od.3	AGGCATCTGCTC	B86H	86NL	OD	HA	Wald	Forest	OD	HA.F.OD	97.14	72000000	1000000	670000	71	110	110	HA.F.OD.3
Ha.A.Gf.3	AGGCTCCATGTA	B87H	87NL	GF	HA	Acker	Cropland	GF	HA.C.GF	75.45	53000000	5200000	470000	10	110	120	HA.C.GF.3
Ha.W.Gf.3	AGGCTTACGTGT	B88H	88NL	GF	HA	Wald	Forest	GF	HA.F.GF	121.89	68000000	1500000	760000	46	89	91	HA.F.GF.3
Ha.A.Df.3	AGGTCCAAATCA	B89H	89NL	DF	HA	Acker	Cropland	DF	HA.C.DF	96.81	48000000	4200000	260000	11	190	200	HA.C.DF.3
Ha.W.Df.3	AGGTGTATCACC	B90H	90NL	DF	HA	Wald	Forest	DF	HA.F.DF	128.39	80000000	1200000	940000	65	85	86	HA.F.DF.3
HM.A.Fp.1	AGGTTCTTAGGC	B91H	91NL	FP	HM	Wald	Forest	FP	HM.F.FP	53.32	27000000	720000	710000	37	38	39	HM.F.FP.1
HM.W.Fp.1	AGGTTTGGCTTG	B92H	92NL	FP	HM	Acker	Cropland	FP	HM.A.FP	96.36	64000000	4900000	650000	13	99	110	HM.C.FP.1
HM.A.Ad.1	AGTAGACTTACG	B93H	93NL	AD	HM	Acker	Cropland	AD	HM.C.AD	62.2	40000000	3000000	230000	13	180	190	HM.C.AD.1
HM.W.Ad.1	AGTATTCGCGCA	B94H	94NL	AD	HM	Wald	Forest	AD	HM.F.AD	41.68	23000000	620000	2300000	38	10	10	HM.F.AD.1
HM.A.Od.1	AGTCATCGAATG	B95H	95NL	OD	HM	Acker	Cropland	OD	HM.C.OD	64.77	42000000	3400000	220000	12	190	200	HM.C.OD.1
HM.W.Od.1	AGTCGCTACACA	B96H	96NL	OD	HM	Wald	Forest	OD	HM.F.OD	29.47	21000000	570000	2600000	37	8	8	HM.F.OD.1
HM.A.Gf.1	AGTCTAGAGTAC	B97H	97NL	GF	HM	Acker	Cropland	GF	HM.C.GF	80.64	50000000	5100000	470000	10	110	120	HM.C.GF.1
HM.W.Gf.1	AGTGTTTCGGAC	B98H	98NL	GF	HM	Wald	Forest	GF	HM.F.GF	44.08	23000000	710000	680000	32	34	35	HM.F.GF.1
HM.A.Df.1	AGTTGAGGCATT	B99H	99NL	DF	HM	Acker	Cropland	DF	HM.C.DF	83.22	61000000	4000000	410000	15	150	160	HM.C.DF.1
HM.A.Fp.2	AGTTGGTTACGA	B101H	101NL	FP	HM	Acker	Cropland	FP	HM.C.FP	73.71	55000000	4600000	570000	12	96	100	HM.C.FP.2
HM.W.Fp.2	AGTTGTAGTCCG	B102H	102NL	FP	HM	Wald	Forest	FP	HM.F.FP	41.98	26000000	770000	760000	33	34	35	HM.F.FP.2
HM.A.Ad.2	AGTTTCTGGTGG	B103H	103NL	AD	HM	Acker	Cropland	AD	HM.C.AD	70.9	40000000	3300000	250000	12	160	170	HM.C.AD.2
HM.W.Ad.2	AGTTTGCGAGAT	B104H	104NL	AD	HM	Wald	Forest	AD	HM.F.AD	27.12	19000000	540000	1800000	35	11	11	HM.F.AD.2
HM.A.Od.2	ATAAAGAGGAGG	B105H	105NL	OD	HM	Acker	Cropland	OD	HM.C.OD	55.71	30000000	2100000	140000	14	220	240	HM.C.OD.2
HM.W.Od.2	ATAACGGTGTAC	B106H	106NL	OD	HM	Wald	Forest	OD	HM.F.OD	24.59	18000000	540000	2700000	33	7	7	HM.F.OD.2
HM.A.Gf.2	ATAAGCCCAATG	B107H	107NL	GF	HM	Acker	Cropland	GF	HM.C.GF	63.66	42000000	3100000	380000	14	110	120	HM.C.GF.2
HM.W.Gf.2	ATAAGTAACCGC	B108H	108NL	GF	HM	Wald	Forest	GF	HM.F.GF	29.3	21000000	590000	290000	35	71	73	HM.F.GF.2
HM.A.Df.2	ATAGCCGATGTC	B109H	109NL	DF	HM	Acker	Cropland	DF	HM.C.DF	79.59	49000000	5100000	250000	10	200	220	HM.C.DF.2
HM.W.Df.2	ATAGCGAACTCA	B110H	110NL	DF	HM	Wald	Forest	DF	HM.F.DF	35.29	23000000	610000	530000	38	43	44	HM.F.DF.2
HM.A.Fp.3	ATAGCTTCGTGG	B111H	111NL	FP	HM	Acker	Cropland	FP	HM.C.FP	88.56	59000000	4500000	490000	13	120	130	HM.C.FP.3
HM.W.Fp.3	ATATAAGGCCCA	B112H	112NL	FP	HM	Wald	Forest	FP	HM.F.FP	42.16	23000000	790000	420000	29	53	55	HM.F.FP.3
HM.A.Ad.3	ATATACCTGCGG	B113H	113NL	AD	HM	Acker	Cropland	AD	HM.C.AD	54.18	40000000	3000000	200000	14	200	220	HM.C.AD.3
HM.W.Ad.3	ATCACATTCTCC	B114H	114NL	AD	HM	Wald	Forest	AD	HM.F.AD	41.18	23000000	670000	1400000	35	17	17	HM.F.AD.3
HM.A.Od.3	ATCACCAGGTGT	B115H	115NL	OD	HM	Acker	Cropland	OD	HM.C.OD	58.68	37000000	2600000	190000	14	200	220	HM.C.OD.3
HM.W.Od.3	ATCCATGAGCGT	B116H	116NL	OD	HM	Wald	Forest	OD	HM.F.OD	29.33	20000000	590000	2600000	34	8	8	HM.F.OD.3
HM.A.Gf.3	ATCCCAGCATGC	B117H	117NL	GF	HM	Acker	Cropland	GF	HM.C.GF	87.59	58000000	4500000	460000	13	130	140	HM.C.GF.3
HM.W.Gf.3	ATCGAATCGAGT	B118H	118NL	GF	HM	Wald	Forest	GF	HM.F.GF	40.12	21000000	790000	550000	27	39	40	HM.F.GF.3
HM.A.Df.3	ATCGACAACACC	B119H	119NL	DF	HM	Acker	Cropland	DF	HM.C.DF	79.61	63000000	3900000	370000	16	170	180	HM.C.DF.3
HM.W.Df.3	ATCTTGGAGTCG	B120H	120NL	DF	HM	Wald	Forest	DF	HM.F.DF	34.07	22000000	520000	620000	42	35	36	HM.F.DF.3
Me.A.Fp.1	ATCTTTCCCTGA	B121H	121NL	FP	ME	Acker	Cropland	FP	ME.C.FP	44.74	31000000	1800000	290000	17	110	110	ME.C.FP.1
Me.W.Fp.1	ATGATCGGTACA	B122H	122NL	FP	ME	Wald	Forest	FP	ME.F.FP	21.96	16000000	120000	690000	140	23	23	ME.F.FP.1
Me.A.Ad.1	ATGCGCCCGTAT	B123H	123NL	AD	ME	Acker	Cropland	AD	ME.C.AD	38.49	31000000	1400000	320000	22	97	100	ME.C.AD.1
Me.W.Ad.1	ATGCTAACCACG	B124H	124NL	AD	ME	Wald	Forest	AD	ME.F.AD	19.04	13000000	89000	780000	140	16	16	ME.F.AD.1
Me.A.Od.1	ATGCTGCAACAC	B125H	125NL	OD	ME	Acker	Cropland	OD	ME.C.OD	35.65	30000000	1700000	260000	18	120	120	ME.C.OD.1
Me.W.Od.1	ATGCTTGCTCTT	B126H	126NL	OD	ME	Wald	Forest	OD	ME.F.OD	18.45	9600000	73000	1600000	130	6	6	ME.F.OD.1
Me.A.Gf.1	ATGGACCTAGCT	B127H	127NL	GF	ME	Acker	Cropland	GF	ME.C.GF	47.75	26000000	1700000	290000	15	91	97	ME.C.GF.1
Me.W.Gf.1	ATGGCCTGACTA	B128H	128NL	GF	ME	Wald	Forest	GF	ME.F.GF	15.3	13000000	110000	360000	120	36	36	ME.F.GF.1
Me.A.Df.1	ATGGCTGTCAGT	B129H	129NL	DF	ME	Acker	Cropland	DF	ME.C.DF	44.52	32000000	1600000	250000	20	130	130	ME.C.DF.1
Me.W.Df.1	ATGGGACCTTCA	B130H	130NL	DF	ME	Wald	Forest	DF	ME.F.DF	36.03	14000000	110000	880000	130	16	16	ME.F.DF.1
Me.A.Fp.2	ATGGGTTCCGTC	B131H	131NL	FP	ME	Acker	Cropland	FP	ME.C.FP	45.55	34000000	1800000	370000	19	91	96	ME.C.FP.2
Me.A.Ad.2	ATGTAGGCTTAG	B133H	133NL	AD	ME	Acker	Cropland	AD	ME.C.AD	44	30000000	1700000	300000	18	100	110	ME.C.AD.2
Me.A.Od.2	ATTCCTCTCCAC	B135H	135NL	OD	ME	Acker	Cropland	OD	ME.C.OD	32.28	29000000	1600000	270000	19	110	110	ME.C.OD.2
Me.W.Od.2	ATTCGAGCTGTG	B136H	136NL	OD	ME	Wald	Forest	OD	ME.F.OD	15.59	10000000	63000	700000	160	14	14	ME.F.OD.2
Me.A.Gf.2	ATTCGCCAAGAA	B137H	137NL	GF	ME	Acker	Cropland	GF	ME.C.GF	45.79	35000000	1900000	350000	19	100	110	ME.C.GF.2
Me.W.Gf.2	ATTTAGGACGAC	B138H	138NL	GF	ME	Wald	Forest	GF	ME.F.GF	17.22	12000000	100000	700000	120	17	17	ME.F.GF.2
Me.A.Df.2	CAACCACTCGGT	B139H	139NL	DF	ME	Acker	Cropland	DF	ME.C.DF	54.45	26000000	1500000	230000	17	110	120	ME.C.DF.2
Me.A.Fp.3	CAAGAAATTCGC	B141H	141NL	FP	ME	Acker	Cropland	FP	ME.C.FP	55.27	37000000	1700000	390000	22	95	100	ME.C.FP.3
Me.W.Fp.3	CAAGACTGACCT	B142H	142NL	FP	ME	Wald	Forest	FP	ME.F.FP	32.43	20000000	160000	630000	130	32	32	ME.F.FP.3
Me.A.Ad.3	CAAGAGCGGATG	B143H	143NL	AD	ME	Acker	Cropland	AD	ME.C.AD	35.36	28000000	1500000	230000	18	120	130	ME.C.AD.3
Me.W.Ad.3	CAAGTCGAATAC	B144H	144NL	AD	ME	Wald	Forest	AD	ME.F.AD	13.05	8000000	49000	470000	160	17	17	ME.F.AD.3
Me.A.Od.3	CAAGTGAAGGGA	B145H	145NL	OD	ME	Acker	Cropland	OD	ME.C.OD	38.71	28000000	1700000	470000	17	60	64	ME.C.OD.3
Me.A.Gf.3	CACAAGTATCGA	B147H	147NL	GF	ME	Acker	Cropland	GF	ME.C.GF	45.77	33000000	110000	330000	290	98	99	ME.C.GF.3
Me.W.Gf.3	CACAATACACCG	B148H	148NL	GF	ME	Wald	Forest	GF	ME.F.GF	16.11	11000000	2100000	370000	5	31	36	ME.F.GF.3
Me.A.Df.3	CACAGCGTCCTA	B149H	149NL	DF	ME	Acker	Cropland	DF	ME.C.DF	43	34000000	2100000	210000	16	160	170	ME.C.DF.3
TI.A.Fp.1	CACCCACGTTGA	B151H	151NL	FP	TI	Acker	Cropland	FP	TI.C.FP	13.11	13000000	160000	330000	80	38	39	TI.C.FP.1
TI.W.Fp.1	CACGAGCTACTC	B152H	152NL	FP	TI	Wald	Forest	FP	TI.F.FP	23.72	23000000	270000	570000	82	39	40	TI.F.FP.1
TI.A.Ad.1	CACGATGGTCAT	B153H	153NL	AD	TI	Acker	Cropland	AD	TI.C.AD	11.14	14000000	170000	330000	80	42	43	TI.C.AD.1
TI.W.Ad.1	CACGCAGTCTAC	B154H	154NL	AD	TI	Wald	Forest	AD	TI.F.AD	16.01	15000000	200000	740000	75	20	21	TI.F.AD.1
TI.A.Od.1	CACGCTATTGGA	B155H	155NL	OD	TI	Acker	Cropland	OD	TI.C.OD	9.45	14000000	190000	330000	74	42	42	TI.C.OD.1
TI.W.Od.1	CACTAACAAACG	B156H	156NL	OD	TI	Wald	Forest	OD	TI.F.OD	17.96	16000000	230000	930000	69	17	17	TI.F.OD.1
TI.A.Gf.1	CACTCATCATTC	B157H	157NL	GF	TI	Acker	Cropland	GF	TI.C.GF	13.07	18000000	210000	350000	86	53	53	TI.C.GF.1
TI.W.Gf.1	CACTTTGGGTGC	B158H	158NL	GF	TI	Wald	Forest	GF	TI.F.GF	23.14	23000000	310000	570000	75	41	41	TI.F.GF.1
TI.A.Df.1	CAGAAATGTGTC	B159H	159NL	DF	TI	Acker	Cropland	DF	TI.C.DF	13.36	18000000	180000	290000	99	61	62	TI.C.DF.1
TI.W.Df.1	CAGCCTGCAAAT	B160H	160NL	DF	TI	Wald	Forest	DF	TI.F.DF	14.48	12000000	170000	320000	74	39	39	TI.F.DF.1
TI.A.Fp.2	CAGCTTCGACTG	B161H	161NL	FP	TI	Acker	Cropland	FP	TI.C.FP	16.01	19000000	230000	350000	81	54	55	TI.C.FP.2
TI.W.Fp.2	CAGGGCCTTTGT	B162H	162NL	FP	TI	Wald	Forest	FP	TI.F.FP	27.79	25000000	330000	720000	75	34	35	TI.F.FP.2
TI.A.Ad.2	CAGGGTAGGGTA	B163H	163NL	AD	TI	Acker	Cropland	AD	TI.C.AD	13.15	13000000	190000	370000	70	36	36	TI.C.AD.2
TI.W.Ad.2	CAGTAAATCGCA	B164H	164NL	AD	TI	Wald	Forest	AD	TI.F.AD	22.41	20000000	200000	1100000	99	18	18	TI.F.AD.2
TI.A.Od.2	CAGTAGCGATAT	B165H	165NL	OD	TI	Acker	Cropland	OD	TI.C.OD	12.2	14000000	190000	340000	75	41	42	TI.C.OD.2
TI.W.Od.2	CAGTGATACTGC	B166H	166NL	OD	TI	Wald	Forest	OD	TI.F.OD	20.09	19000000	210000	1100000	89	17	17	TI.F.OD.2
TI.A.Gf.2	CAGTGCACGTCT	B167H	167NL	GF	TI	Acker	Cropland	GF	TI.C.GF	17.15	18000000	210000	380000	87	48	48	TI.C.GF.2
TI.W.Gf.2	CAGTTACCCAAG	B168H	168NL	GF	TI	Wald	Forest	GF	TI.F.GF	27.25	21000000	260000	600000	79	35	35	TI.F.GF.2
TI.A.Df.2	CATAAGGGAGGC	B169H	169NL	DF	TI	Acker	Cropland	DF	TI.C.DF	15.06	16000000	130000	240000	120	67	67	TI.C.DF.2
TI.W.Df.2	CATACACGCACC	B170H	170NL	DF	TI	Wald	Forest	DF	TI.F.DF	24.39	19000000	220000	500000	87	38	38	TI.F.DF.2
TI.A.Fp.3	CATACGATACAG	B171H	171NL	FP	TI	Acker	Cropland	FP	TI.C.FP	13.43	12000000	130000	270000	90	44	44	TI.C.FP.3
TI.W.Fp.3	CATAGCTCGGTC	B172H	172NL	FP	TI	Wald	Forest	FP	TI.F.FP	24.92	18000000	220000	470000	85	39	40	TI.F.FP.3
TI.A.Ad.3	CATATCCAGCCG	B173H	173NL	AD	TI	Acker	Cropland	AD	TI.C.AD	11.14	10000000	140000	270000	74	38	39	TI.C.AD.3
TI.W.Ad.3	CATCGACGAGTT	B174H	174NL	AD	TI	Wald	Forest	AD	TI.F.AD	19.93	13000000	150000	760000	84	17	17	TI.F.AD.3
TI.A.Od.3	CATCGCGTTGAC	B175H	175NL	OD	TI	Acker	Cropland	OD	TI.C.OD	10.69	9700000	130000	220000	75	44	45	TI.C.OD.3
TI.W.Od.3	CATTATGGCGTG	B176H	176NL	OD	TI	Wald	Forest	OD	TI.F.OD	18.82	13000000	130000	810000	100	16	17	TI.F.OD.3
TI.A.Gf.3	CATTTGACGACG	B177H	177NL	GF	TI	Acker	Cropland	GF	TI.C.GF	12.86	10000000	100000	160000	99	66	66	TI.C.GF.3
TI.W.Gf.3	CCAAAGCCAGTT	B178H	178NL	GF	TI	Wald	Forest	GF	TI.F.GF	24.85	19000000	230000	500000	83	38	38	TI.F.GF.3
TI.A.Df.3	CCAAATGATGAC	B179H	179NL	DF	TI	Acker	Cropland	DF	TI.C.DF	11.68	9900000	170000	200000	57	49	50	TI.C.DF.3
BO.A.1	CCAACCCAGATC	B181H	BOA-1	Ref.BO	BO	Acker	Cropland	Ref	BO.C	42.79	22000000	1300000	260000	16	82	87	BO.C.1
BO.A.2	CCAATGATAAGC	B182H	BOA-2	Ref.BO	BO	Acker	Cropland	Ref	BO.C	38.5	23000000	1400000	220000	16	110	110	BO.C.2
BO.A.3	CCAGCCTTCAGA	B183H	BOA-3	Ref.BO	BO	Acker	Cropland	Ref	BO.C	41.85	25000000	1600000	340000	16	74	78	BO.C.3
BO.W.1	CCAGGACAGGAA	B184H	BOW-1	Ref.BO	BO	Wald	Forest	Ref	BO.F	22.54	17000000	180000	650000	95	27	27	BO.F.1
BO.W.2	CCAGGGACTTCT	B185H	BOW-2	Ref.BO	BO	Wald	Forest	Ref	BO.F	24.08	20000000	220000	600000	91	34	34	BO.F.2
BO.W.3	CCGACATTGTAG	B186H	BOW-3	Ref.BO	BO	Wald	Forest	Ref	BO.F	23.72	16000000	170000	1200000	91	13	13	BO.F.3
HA.A.1	CCGACCAGCTTA	B187H	HAA-1	Ref.HA	HA	Acker	Cropland	Ref	HA.C	75.54	26000000	2500000	220000	11	120	130	HA.C.1
HA.A.2	CCGATTGAATCG	B188H	HAA-2	Ref.HA	HA	Acker	Cropland	Ref	HA.C	87.17	29000000	3000000	250000	10	110	120	HA.C.2
HA.A.3	CCGCTACGTGAT	B189H	HAA-3	Ref.HA	HA	Acker	Cropland	Ref	HA.C	68.02	27000000	2600000	240000	10	110	120	HA.C.3
HA.W.1	CCGCTGATGTCA	B190H	HAW-1	Ref.HA	HA	Wald	Forest	Ref	HA.F	115.31	50000000	1100000	880000	46	57	58	HA.F.1
HA.W.2	CCTCATGCTATT	B191H	HAW-2	Ref.HA	HA	Wald	Forest	Ref	HA.F	149.06	57000000	1200000	550000	46	100	110	HA.F.2
HA.W.3	CCTCGATGCAGT	B192H	HAW-3	Ref.HA	HA	Wald	Forest	Ref	HA.F	114.62	36000000	860000	340000	42	100	110	HA.F.3
HM.A.1	CCTCGGGTACTA	B193H	HMA-1	Ref.HM	HM	Acker	Cropland	Ref	HM.C	95.75	50000000	3400000	520000	14	95	100	HM.C.1
HM.A.2	CCTGTCCTATCT	B194H	HMA-2	Ref.HM	HM	Acker	Cropland	Ref	HM.C	121.08	46000000	3500000	630000	13	73	79	HM.C.2
HM.A.3	CCTTCAATGGGA	B195H	HMA-3	Ref.HM	HM	Acker	Cropland	Ref	HM.C	112.27	50000000	3300000	500000	15	100	110	HM.C.3
HM.W.1	CCTTTATAGTCC	B196H	HMW-1	Ref.HM	HM	Wald	Forest	Ref	HM.F	41.89	22000000	730000	590000	31	38	39	HM.F.1
HM.W.2	CCTTTGGCTGAG	B197H	HMW-2	Ref.HM	HM	Wald	Forest	Ref	HM.F	50.57	27000000	890000	660000	31	41	43	HM.F.2
HM.W.3	CGAAACTACGTA	B198H	HMW-3	Ref.HM	HM	Wald	Forest	Ref	HM.F	45.97	18000000	610000	500000	29	36	37	HM.F.3
ME.A.1	CGAACGTCTATG	B199H	MEA-1	Ref.ME	ME	Acker	Cropland	Ref	ME.C	47.14	27000000	1400000	370000	20	74	77	ME.C.1
ME.A.2	CGAAGCATCTAC	B200H	MEA-2	Ref.ME	ME	Acker	Cropland	Ref	ME.C	41.29	29000000	1400000	2300000	20	13	13	ME.C.2
ME.A.3	CGACAACTTGTG	B201H	MEA-3	Ref.ME	ME	Acker	Cropland	Ref	ME.C	54.63	37000000	2100000	420000	18	87	92	ME.C.3
ME.W.1	CGACACGGAGAA	B202H	MEW-1	Ref.ME	ME	Wald	Forest	Ref	ME.F	22.45	16000000	200000	1100000	80	14	14	ME.F.1
ME.W.2	CGACATTTCTCT	B203H	MEW-2	Ref.ME	ME	Wald	Forest	Ref	ME.F	27.43	18000000	230000	1100000	77	16	16	ME.F.2
ME.W.3	CGAGCTGTTACC	B204H	MEW-3	Ref.ME	ME	Wald	Forest	Ref	ME.F	19.26	14000000	140000	890000	100	15	16	ME.F.3
TI.A.1	CGATCACCACAA	B205H	TIA-1	Ref.TI	TI	Acker	Cropland	Ref	TI.C	16.27	13000000	180000	490000	73	27	27	TI.C.1
TI.A.2	CGATTAGGAATC	B206H	TIA-2	Ref.TI	TI	Acker	Cropland	Ref	TI.C	14.31	11000000	160000	390000	74	29	30	TI.C.2
TI.A.3	CGATTGTTCCGG	B207H	TIA-3	Ref.TI	TI	Acker	Cropland	Ref	TI.C	11.97	8800000	120000	290000	71	31	31	TI.C.3
TI.W.1	CGATTTAGGCCA	B208H	TIW-1	Ref.TI	TI	Wald	Forest	Ref	TI.F	28.4	14000000	290000	700000	47	20	20	TI.F.1
TI.W.2	CGCCCTCTTCTT	B209H	TIW-2	Ref.TI	TI	Wald	Forest	Ref	TI.F	23.65	11000000	220000	640000	49	17	18	TI.F.2
TI.W.3	CGCCTAAACCGT	B210H	TIW-3	Ref.TI	TI	Wald	Forest	Ref	TI.F	25.15	9400000	160000	500000	59	19	19	TI.F.3
